,City,Lat,Lng,Max Temp,Humidity,Cloudiness,Wind Speed,Country,Date
0,Grand Forks,47.94,-97.43,271.15,68,40,3.6,US,1603000422
1,Mataura,-46.19,168.86,283.71,68,85,2.68,NZ,1603000422
2,Ushuaia,-54.8,-68.3,278.15,86,75,2.6,AR,1603000422
3,Ushuaia,-54.8,-68.3,278.15,86,75,2.6,AR,1603000422
4,Revda,56.8,59.93,275.15,69,75,8.0,RU,1603000423
5,New Norfolk,-42.78,147.06,288.15,71,99,1.34,AU,1603000423
6,Shimoda,34.67,138.95,291.15,72,75,6.2,JP,1603000423
7,Jamestown,42.1,-79.24,280.93,56,1,3.1,US,1603000423
8,Deputatsky,69.3,139.9,263.14,96,100,4.63,RU,1603000424
9,Aklavik,68.22,-135.01,263.15,72,20,3.1,CA,1603000322
10,Rikitea,-23.12,-134.97,296.97,78,100,9.03,PF,1603000424
11,Mataura,-46.19,168.86,283.71,68,85,2.68,NZ,1603000424
12,Qaanaaq,77.48,-69.36,274.67,86,99,4.58,GL,1603000425
13,Hermanus,-34.42,19.23,285.37,95,77,3.33,ZA,1603000425
14,Bowen,-20.02,148.23,302.15,39,0,5.7,AU,1603000425
15,Terra Santa,-2.1,-56.49,297.64,80,38,1.44,BR,1603000426
16,Kletnya,53.39,33.22,278.15,93,75,6.0,RU,1603000426
17,Vasil'sursk,56.13,46.01,275.42,87,100,8.2,RU,1603000426
18,Hobart,-42.88,147.33,289.15,41,75,5.7,AU,1603000318
19,Ushuaia,-54.8,-68.3,278.15,86,75,2.6,AR,1603000422
20,Laas,46.62,10.7,280.37,93,7,3.6,IT,1603000426
21,George Town,5.41,100.34,305.15,70,20,2.1,MY,1603000427
22,Mataura,-46.19,168.86,283.71,68,85,2.68,NZ,1603000422
23,Chui,-33.7,-53.46,288.16,93,66,3.54,UY,1603000427
24,Punta Arenas,-53.15,-70.92,278.15,86,72,3.6,CL,1603000427
25,Noumea,-22.28,166.46,298.15,57,7,8.2,NC,1603000427
26,Veracruz,19.33,-96.67,298.71,64,14,1.79,MX,1603000428
27,Vaini,-21.2,-175.2,296.15,83,40,6.7,TO,1603000428
28,Siwāna,25.63,72.42,308.26,36,16,2.56,IN,1603000428
29,San Vicente,-26.62,-54.13,289.6,62,74,1.71,AR,1603000428
30,Ust-Nera,64.57,143.2,262.63,86,96,2.7,RU,1603000428
31,Ushuaia,-54.8,-68.3,278.15,86,75,2.6,AR,1603000422
32,Chokurdakh,70.63,147.92,267.9,98,98,2.85,RU,1603000429
33,Pisco,-13.7,-76.22,290.15,82,75,2.6,PE,1603000429
34,Neiafu,-18.65,-173.98,299.15,88,75,4.1,TO,1603000429
35,Dikson,73.51,80.55,266.05,93,1,10.67,RU,1603000430
36,Sergeevka,53.88,67.42,276.99,70,0,5.62,KZ,1603000430
37,Naranjal,-2.67,-79.62,297.15,73,75,5.7,EC,1603000430
38,Dunedin,-45.87,170.5,284.26,71,77,1.34,NZ,1603000430
39,Bluff,-46.6,168.33,283.71,68,67,2.68,NZ,1603000431
40,Jamestown,42.1,-79.24,280.93,56,1,3.1,US,1603000431
41,Ballesteros,18.41,121.52,300.84,83,39,5.78,PH,1603000431
42,Grindavik,63.84,-22.43,280.15,87,75,11.8,IS,1603000431
43,New Norfolk,-42.78,147.06,288.15,71,99,1.34,AU,1603000423
44,Rikitea,-23.12,-134.97,296.97,78,100,9.03,PF,1603000432
45,Lüderitz,-26.65,15.16,293.95,33,29,7.71,NA,1603000432
46,Kapaa,22.08,-159.32,296.15,100,40,3.1,US,1603000432
47,Butaritari,3.07,172.79,301.02,77,14,8.23,KI,1603000432
48,Hilo,19.73,-155.09,299.15,74,1,3.32,US,1603000424
49,Nisko,50.52,22.14,279.82,96,100,3.13,PL,1603000306
50,Mataura,-46.19,168.86,283.71,68,85,2.68,NZ,1603000422
51,Bethel,41.37,-73.41,277.59,100,1,1.5,US,1603000433
52,Rikitea,-23.12,-134.97,296.97,78,100,9.03,PF,1603000432
53,Ushuaia,-54.8,-68.3,278.15,86,75,2.6,AR,1603000422
54,Dikson,73.51,80.55,266.05,93,1,10.67,RU,1603000430
55,Tuktoyaktuk,69.45,-133.04,263.15,85,5,2.6,CA,1603000434
56,Ilulissat,69.22,-51.1,276.15,86,100,1.5,GL,1603000434
57,Bredasdorp,-34.53,20.04,287.15,82,100,3.6,ZA,1603000434
58,Lompoc,34.64,-120.46,288.71,87,1,2.26,US,1603000435
59,Hualmay,-11.1,-77.61,289.4,87,32,3.17,PE,1603000435
60,Tiksi,71.69,128.87,266.65,96,100,5.25,RU,1603000435
61,George Town,5.41,100.34,305.15,70,20,2.1,MY,1603000427
62,Tura,25.52,90.22,301.27,84,53,0.87,IN,1603000436
63,Bluff,-46.6,168.33,283.71,68,67,2.68,NZ,1603000431
64,Punta Arenas,-53.15,-70.92,278.15,86,72,3.6,CL,1603000427
65,Atuona,-9.8,-139.03,298.83,77,4,6.56,PF,1603000436
66,Busselton,-33.65,115.33,300.37,29,0,1.9,AU,1603000437
67,Neuquén,-38.95,-68.06,289.15,48,0,4.6,AR,1603000437
68,Tuktoyaktuk,69.45,-133.04,263.15,85,5,2.6,CA,1603000434
69,Berlevåg,70.86,29.09,276.37,74,90,4.4,NO,1603000437
70,Fairbanks,64.84,-147.72,267.59,61,75,1.03,US,1603000437
71,Khatanga,71.97,102.5,260.92,91,29,3.6,RU,1603000438
72,Chattanooga,35.05,-85.31,283.71,87,20,1.9,US,1603000150
73,Rikitea,-23.12,-134.97,296.97,78,100,9.03,PF,1603000432
74,Vaini,-21.2,-175.2,296.15,83,40,6.7,TO,1603000428
75,Port Elizabeth,-33.92,25.57,290.15,88,75,7.7,ZA,1603000234
76,Butaritari,3.07,172.79,301.02,77,14,8.23,KI,1603000432
77,Half Moon Bay,37.46,-122.43,296.15,49,1,1.5,US,1603000439
78,Olinda,-8.01,-34.86,299.15,69,40,4.6,BR,1603000439
79,Yellowknife,62.46,-114.35,268.71,85,90,3.6,CA,1603000440
80,Clonakilty,51.62,-8.87,285.37,87,75,4.6,IE,1603000440
81,Valparaíso,-33.04,-71.63,284.82,72,0,5.14,CL,1603000440
82,Busselton,-33.65,115.33,300.37,29,0,1.9,AU,1603000437
83,Faanui,-16.48,-151.75,299.92,79,33,2.56,PF,1603000440
84,Mataura,-46.19,168.86,283.71,68,85,2.68,NZ,1603000422
85,Hilo,19.73,-155.09,299.15,74,1,3.32,US,1603000424
86,Hasaki,35.73,140.83,292.04,72,75,4.6,JP,1603000441
87,Ushuaia,-54.8,-68.3,278.15,86,75,2.6,AR,1603000422
88,Kumul,42.8,93.45,290.13,25,0,1.11,CN,1603000441
89,Grants,35.15,-107.85,285.15,12,1,4.6,US,1603000442
90,Helong,42.54,129.0,285.09,40,0,4.39,CN,1603000442
91,Östersund,63.18,14.64,273.15,93,98,6.7,SE,1603000442
92,New Norfolk,-42.78,147.06,288.15,71,99,1.34,AU,1603000423
93,Airai,-8.93,125.41,298.21,51,75,1.24,TL,1603000442
94,Novy Urengoy,66.08,76.63,267.72,95,100,9.55,RU,1603000443
95,Puerto Baquerizo Moreno,-0.9,-89.6,293.5,85,83,4.49,EC,1603000443
96,Hilo,19.73,-155.09,299.15,74,1,3.32,US,1603000424
97,Barrow,71.29,-156.79,266.15,73,1,6.2,US,1603000443
98,Castro,-24.79,-50.01,284.66,89,64,5.27,BR,1603000443
99,Muros,42.78,-9.06,288.15,89,100,0.89,ES,1603000444
100,Xichang,27.9,102.26,292.04,53,98,1.26,CN,1603000444
101,Bethel,41.37,-73.41,277.59,100,1,1.5,US,1603000433
102,Mar del Plata,-38.0,-57.56,292.59,88,0,4.6,AR,1603000152
103,Vaini,-21.2,-175.2,296.15,83,40,6.7,TO,1603000428
104,Vardø,70.37,31.11,277.19,70,76,4.77,NO,1603000445
105,Vaini,-21.2,-175.2,296.15,83,40,6.7,TO,1603000428
106,Galveston,29.37,-94.97,299.26,74,1,7.7,US,1603000214
107,Gladstone,-23.85,151.25,299.15,50,28,7.2,AU,1603000445
108,New Norfolk,-42.78,147.06,288.15,71,99,1.34,AU,1603000423
109,Alyangula,-13.85,136.42,305.15,52,75,5.7,AU,1603000446
110,Albany,42.6,-73.97,278.15,61,0,1.6,US,1603000190
111,Nelson Bay,-32.72,152.15,295.15,64,90,6.7,AU,1603000446
112,Chui,-33.7,-53.46,288.16,93,66,3.54,UY,1603000427
113,Provideniya,64.38,-173.3,274.97,87,42,1.46,RU,1603000447
114,Bredasdorp,-34.53,20.04,287.15,82,100,3.6,ZA,1603000434
115,Atuona,-9.8,-139.03,298.83,77,4,6.56,PF,1603000436
116,Nanchang,28.68,115.88,288.01,92,100,2.5,CN,1603000447
117,Margate,51.38,1.39,283.71,83,55,4.06,GB,1603000447
118,Ushuaia,-54.8,-68.3,278.15,86,75,2.6,AR,1603000422
119,Kapaa,22.08,-159.32,296.15,100,40,3.1,US,1603000432
120,Hermanus,-34.42,19.23,285.37,95,77,3.33,ZA,1603000425
121,Punta Arenas,-53.15,-70.92,278.15,86,72,3.6,CL,1603000427
122,Atuona,-9.8,-139.03,298.83,77,4,6.56,PF,1603000436
123,Portland,45.52,-122.68,287.15,71,90,2.6,US,1603000202
124,São João da Barra,-21.64,-41.05,293.78,83,38,3.12,BR,1603000449
125,Laguna,38.42,-121.42,294.26,43,1,1.5,US,1603000449
126,Jamestown,42.1,-79.24,280.93,56,1,3.1,US,1603000431
127,Thompson,55.74,-97.86,271.15,100,90,1.0,CA,1603000449
128,Longyearbyen,78.22,15.64,269.15,79,20,2.6,SJ,1603000450
129,Rikitea,-23.12,-134.97,296.97,78,100,9.03,PF,1603000432
130,Sol'-Iletsk,51.16,54.99,280.95,55,82,5.41,RU,1603000450
131,Cherskiy,68.75,161.3,267.52,93,15,6.01,RU,1603000450
132,Kiryat Gat,31.61,34.76,295.93,76,0,2.42,IL,1603000441
133,Severo-Kuril'sk,50.68,156.12,281.5,70,58,5.37,RU,1603000451
134,Hithadhoo,-0.6,73.08,301.87,77,82,9.7,MV,1603000451
135,Leningradskiy,69.38,178.42,267.65,88,0,3.76,RU,1603000452
136,Rikitea,-23.12,-134.97,296.97,78,100,9.03,PF,1603000432
137,Harper,4.38,-7.72,297.65,90,57,2.98,LR,1603000452
138,Kavaratti,10.57,72.64,300.77,76,38,4.74,IN,1603000452
139,Bethel,41.37,-73.41,277.59,100,1,1.5,US,1603000433
140,Puerto Ayora,-0.74,-90.35,294.82,86,78,1.79,EC,1603000453
141,Kruisfontein,-34.0,24.73,289.82,86,100,0.89,ZA,1603000453
142,Saint-François,46.42,3.91,277.15,93,20,0.46,FR,1603000453
143,Cape Town,-33.93,18.42,289.26,87,75,0.5,ZA,1603000139
144,Atar,20.52,-13.05,302.11,30,6,2.84,MR,1603000453
145,Jalpan,21.23,-99.48,291.27,77,1,0.97,MX,1603000454
146,Busselton,-33.65,115.33,300.37,29,0,1.9,AU,1603000437
147,Chui,-33.7,-53.46,288.16,93,66,3.54,UY,1603000427
148,Vaini,-21.2,-175.2,296.15,83,40,6.7,TO,1603000428
149,Saint Paul Harbor,57.79,-152.41,279.15,75,90,1.5,US,1603000454
150,Kahului,20.89,-156.47,302.15,66,40,1.5,US,1603000275
151,Ushuaia,-54.8,-68.3,278.15,86,75,2.6,AR,1603000422
152,Port Elizabeth,-33.92,25.57,290.15,88,75,7.7,ZA,1603000234
153,Rikitea,-23.12,-134.97,296.97,78,100,9.03,PF,1603000432
154,Oranjemund,-28.55,16.43,288.42,80,1,5.25,NA,1603000455
155,Srednekolymsk,67.45,153.68,269.13,98,89,4.05,RU,1603000455
156,Kununurra,-15.77,128.73,311.15,31,35,1.0,AU,1603000456
157,Hermanus,-34.42,19.23,285.37,95,77,3.33,ZA,1603000425
158,Lebu,-37.62,-73.65,282.57,94,15,0.26,CL,1603000456
159,Kapaa,22.08,-159.32,296.15,100,40,3.1,US,1603000432
160,Bulgan,48.81,103.53,281.59,46,71,1.74,MN,1603000456
161,Punta Arenas,-53.15,-70.92,278.15,86,72,3.6,CL,1603000427
162,Ushuaia,-54.8,-68.3,278.15,86,75,2.6,AR,1603000422
163,Severo-Kuril'sk,50.68,156.12,281.5,70,58,5.37,RU,1603000451
164,São José da Coroa Grande,-8.9,-35.15,296.55,81,2,3.67,BR,1603000457
165,Hurricane,37.18,-113.29,292.04,23,0,0.45,US,1603000457
166,Bluff,-46.6,168.33,283.71,68,67,2.68,NZ,1603000431
167,Punta Arenas,-53.15,-70.92,278.15,86,72,3.6,CL,1603000427
168,Raja,8.46,25.68,295.94,84,100,1.51,SS,1603000458
169,Puerto Ayora,-0.74,-90.35,294.82,86,78,1.79,EC,1603000453
170,Albany,42.6,-73.97,278.15,61,0,1.6,US,1603000190
171,Bosaso,11.28,49.18,303.15,70,0,5.7,SO,1603000459
172,Ginda,30.69,78.49,297.48,24,0,2.51,IN,1603000459
173,Zhezkazgan,47.8,67.71,289.54,34,13,4.02,KZ,1603000459
174,Diofior,14.18,-16.67,298.15,94,20,2.1,SN,1603000459
175,Port Alfred,-33.59,26.89,291.94,76,72,8.47,ZA,1603000460
176,Dikson,73.51,80.55,266.05,93,1,10.67,RU,1603000430
177,Albany,42.6,-73.97,278.15,61,0,1.6,US,1603000190
178,Mahébourg,-20.41,57.7,299.15,61,40,5.1,MU,1603000460
179,Khandyga,62.67,135.6,266.44,92,100,1.66,RU,1603000460
180,Rudnogorsk,57.26,103.75,279.7,80,100,4.05,RU,1603000461
181,Lakatoro,-16.1,167.42,301.15,69,40,1.5,VU,1603000461
182,Chokurdakh,70.63,147.92,267.9,98,98,2.85,RU,1603000429
183,Ust-Tsilma,65.44,52.15,273.01,98,100,2.11,RU,1603000461
184,Jamestown,42.1,-79.24,280.93,56,1,3.1,US,1603000431
185,Mahébourg,-20.41,57.7,299.15,61,40,5.1,MU,1603000460
186,College,64.86,-147.8,267.59,61,75,1.33,US,1603000462
187,Krasnosel'kup,65.7,82.47,269.4,97,42,7.04,RU,1603000462
188,Vardø,70.37,31.11,277.19,70,76,4.77,NO,1603000445
189,Puerto Ayora,-0.74,-90.35,294.82,86,78,1.79,EC,1603000453
190,Ribeira Grande,38.52,-28.7,289.77,61,65,5.25,PT,1603000463
191,Tuktoyaktuk,69.45,-133.04,263.15,85,5,2.6,CA,1603000434
192,Tcholliré,8.4,14.17,296.36,84,39,0.85,CM,1603000463
193,Severo-Kuril'sk,50.68,156.12,281.5,70,58,5.37,RU,1603000451
194,Jesup,31.61,-81.89,288.15,77,1,1.5,US,1603000463
195,Havøysund,71.0,24.66,273.15,78,100,2.6,NO,1603000464
196,Nome,64.5,-165.41,276.15,86,90,8.7,US,1603000464
197,Leshukonskoye,64.9,45.76,275.15,97,100,2.64,RU,1603000464
198,Mossamedes,-15.2,12.15,293.8,71,31,1.93,AO,1603000464
199,Bethel,41.37,-73.41,277.59,100,1,1.5,US,1603000433
200,Muswellbrook,-32.27,150.9,294.82,55,100,4.47,AU,1603000465
201,Maţāy,28.42,30.78,294.16,71,0,5.34,EG,1603000465
202,Puerto Parra,6.65,-74.06,297.25,93,100,0.34,CO,1603000465
203,Real,14.66,121.6,302.15,79,75,2.6,PH,1603000465
204,Isangel,-19.55,169.27,296.55,65,0,5.52,VU,1603000465
205,Chokurdakh,70.63,147.92,267.9,98,98,2.85,RU,1603000429
206,Port Alfred,-33.59,26.89,291.94,76,72,8.47,ZA,1603000460
207,Geraldton,-28.77,114.6,298.15,53,2,9.8,AU,1603000466
208,Betamcherla,15.47,78.17,302.36,61,79,4.44,IN,1603000466
209,Norman Wells,65.28,-126.83,256.15,84,5,1.5,CA,1603000467
210,Hofn,64.25,-15.21,278.25,82,100,1.95,IS,1603000467
211,Jarocin,51.97,17.5,280.93,99,75,0.45,PL,1603000467
212,Tiksi,71.69,128.87,266.65,96,100,5.25,RU,1603000435
213,Moree,-29.47,149.85,290.15,88,75,4.6,AU,1603000467
214,Saint George,37.1,-113.58,292.15,15,1,3.6,US,1603000315
215,Riyadh,24.69,46.72,294.15,30,0,1.62,SA,1603000468
216,Hermanus,-34.42,19.23,285.37,95,77,3.33,ZA,1603000425
217,Novosergiyevka,52.09,53.65,279.63,58,68,5.19,RU,1603000469
218,Punta Arenas,-53.15,-70.92,278.15,86,72,3.6,CL,1603000427
219,Batemans Bay,-35.72,150.18,290.37,77,28,0.45,AU,1603000469
220,Albany,42.6,-73.97,278.15,61,0,1.6,US,1603000190
221,Saint-Philippe,-21.36,55.77,300.15,65,20,5.1,RE,1603000470
222,Lavrentiya,65.58,-171.0,275.53,87,86,2.2,RU,1603000470
223,Busselton,-33.65,115.33,300.37,29,0,1.9,AU,1603000437
224,Busselton,-33.65,115.33,300.37,29,0,1.9,AU,1603000437
225,Hobart,-42.88,147.33,289.15,41,75,5.7,AU,1603000318
226,Ponta Delgada,37.73,-25.67,288.15,67,20,2.6,PT,1603000471
227,Busselton,-33.65,115.33,300.37,29,0,1.9,AU,1603000437
228,Qaanaaq,77.48,-69.36,275.26,83,99,4.59,GL,1603000471
229,Hermanus,-34.42,19.23,285.37,95,77,3.33,ZA,1603000425
230,Garoowe,8.41,48.48,301.43,56,8,5.93,SO,1603000472
231,Dikson,73.51,80.55,266.05,93,1,10.67,RU,1603000430
232,Soverato Marina,38.69,16.55,286.15,93,30,2.1,IT,1603000472
233,Ushuaia,-54.8,-68.3,278.15,86,75,2.6,AR,1603000422
234,Omboué,-1.57,9.26,298.07,87,92,1.78,GA,1603000472
235,Upernavik,72.79,-56.15,275.01,91,100,9.3,GL,1603000473
236,Lebu,-37.62,-73.65,282.57,94,15,0.26,CL,1603000456
237,Havøysund,71.0,24.66,273.15,78,100,2.6,NO,1603000464
238,Kapaa,22.08,-159.32,296.15,100,40,3.1,US,1603000432
239,Bengkulu,-3.8,102.27,301.68,69,77,1.93,ID,1603000209
240,Iqaluit,63.75,-68.51,273.15,95,75,1.0,CA,1603000474
241,Ārya,33.6,73.07,301.15,28,0,2.6,PK,1603000454
242,Yuci,37.68,112.73,291.15,18,95,2.0,CN,1603000474
243,Tura,25.52,90.22,301.27,84,53,0.87,IN,1603000436
244,Busselton,-33.65,115.33,300.37,29,0,1.9,AU,1603000437
245,Tuatapere,-46.13,167.68,283.71,68,96,2.68,NZ,1603000475
246,Fort Nelson,58.81,-122.7,262.15,85,5,1.0,CA,1603000475
247,Tazovsky,67.47,78.7,266.52,96,99,7.14,RU,1603000475
248,Khatanga,71.97,102.5,260.92,91,29,3.6,RU,1603000438
249,Thompson,55.74,-97.86,271.15,100,90,1.0,CA,1603000449
250,Khatanga,71.97,102.5,260.92,91,29,3.6,RU,1603000438
251,Poum,-20.23,164.02,296.22,74,39,3.02,NC,1603000476
252,Pedasí,7.53,-80.03,299.92,82,100,1.95,PA,1603000476
253,Cape Town,-33.93,18.42,289.26,87,75,0.5,ZA,1603000139
254,Bluff,-46.6,168.33,283.71,68,67,2.68,NZ,1603000431
255,Åmot,59.57,7.99,272.04,87,43,0.45,NO,1603000477
256,Rosarito,32.33,-117.03,295.15,93,90,2.07,MX,1603000477
257,Port Alfred,-33.59,26.89,291.94,76,72,8.47,ZA,1603000460
258,Vila Franca do Campo,37.72,-25.43,288.15,67,20,2.6,PT,1603000477
259,Port Elizabeth,-33.92,25.57,290.15,88,75,7.7,ZA,1603000234
260,Srednekolymsk,67.45,153.68,269.13,98,89,4.05,RU,1603000455
261,Hobart,-42.88,147.33,289.15,41,75,5.7,AU,1603000318
262,Anchorage,61.22,-149.9,276.48,51,90,1.56,US,1603000188
263,Mil'kovo,54.72,158.62,277.16,72,99,3.11,RU,1603000479
264,Puerto Ayora,-0.74,-90.35,294.82,86,78,1.79,EC,1603000453
265,Fortuna,40.6,-124.16,284.26,93,1,2.38,US,1603000479
266,Rikitea,-23.12,-134.97,296.97,78,100,9.03,PF,1603000432
267,Busselton,-33.65,115.33,300.37,29,0,1.9,AU,1603000437
268,Cape Town,-33.93,18.42,289.26,87,75,0.5,ZA,1603000139
269,Port Alfred,-33.59,26.89,291.94,76,72,8.47,ZA,1603000460
270,Bokoro,12.38,17.06,301.92,41,73,0.74,TD,1603000480
271,Hermanus,-34.42,19.23,285.37,95,77,3.33,ZA,1603000425
272,Mitú,1.2,-70.17,294.3,96,47,0.67,CO,1603000201
273,Thompson,55.74,-97.86,271.15,100,90,1.0,CA,1603000449
274,Yuancheng,36.65,107.79,284.39,42,99,1.17,CN,1603000481
275,Grand Gaube,-20.01,57.66,299.26,60,17,3.13,MU,1603000481
276,Roswell,34.02,-84.36,284.82,66,1,4.97,US,1603000234
277,Vaini,-21.2,-175.2,296.15,83,40,6.7,TO,1603000428
278,Bredasdorp,-34.53,20.04,287.15,82,100,3.6,ZA,1603000434
279,Port Elizabeth,-33.92,25.57,290.15,88,75,7.7,ZA,1603000234
280,Khatanga,71.97,102.5,260.92,91,29,3.6,RU,1603000438
281,Kapaa,22.08,-159.32,296.15,100,40,3.1,US,1603000432
282,Ambulu,-8.35,113.61,302.26,65,54,3.94,ID,1603000483
283,Batagay-Alyta,67.8,130.41,265.74,94,100,1.52,RU,1603000483
284,Cedar Lake,41.36,-87.44,287.59,39,98,4.92,US,1603000483
285,Mataura,-46.19,168.86,283.71,68,85,2.68,NZ,1603000422
286,Shizunai-furukawachō,42.33,142.37,288.93,64,42,4.99,JP,1603000194
287,Evensk,61.95,159.23,275.15,83,100,5.43,RU,1603000484
288,Mayo,38.89,-76.51,282.15,100,1,1.05,US,1603000484
289,Tasiilaq,65.61,-37.64,283.15,27,2,8.7,GL,1603000484
290,Upernavik,72.79,-56.15,275.01,91,100,9.3,GL,1603000473
291,Castro,-24.79,-50.01,284.66,89,64,5.27,BR,1603000443
292,Dodge City,37.75,-100.02,282.59,49,1,3.1,US,1603000277
293,Nabire,-3.37,135.48,299.84,85,100,1.0,ID,1603000485
294,Goose Creek,32.98,-80.03,286.48,71,20,4.6,US,1603000321
295,Butaritari,3.07,172.79,301.02,77,14,8.23,KI,1603000432
296,Butaritari,3.07,172.79,301.02,77,14,8.23,KI,1603000432
297,Yar-Sale,66.83,70.83,268.5,96,96,5.22,RU,1603000486
298,Thompson,55.74,-97.86,271.15,100,90,1.0,CA,1603000449
299,Bulgan,48.81,103.53,281.59,46,71,1.74,MN,1603000456
300,Yellowknife,62.46,-114.35,268.71,85,90,3.6,CA,1603000440
301,Sungai Penuh,-2.08,101.38,299.69,59,81,2.44,ID,1603000487
302,Auki,-8.77,160.7,301.7,74,52,0.16,SB,1603000487
303,Atuona,-9.8,-139.03,298.83,77,4,6.56,PF,1603000436
304,Taltal,-25.4,-70.48,286.87,74,14,0.05,CL,1603000488
305,Puerto Ayora,-0.74,-90.35,294.82,86,78,1.79,EC,1603000453
306,Rikitea,-23.12,-134.97,296.97,78,100,9.03,PF,1603000432
307,Aklavik,68.22,-135.01,263.15,72,20,3.1,CA,1603000489
308,Jamestown,42.1,-79.24,280.93,56,1,3.1,US,1603000431
309,Namatanai,-3.67,152.43,301.91,70,99,3.72,PG,1603000489
310,Tiksi,71.69,128.87,266.65,96,100,5.25,RU,1603000435
311,Ilulissat,69.22,-51.1,276.15,86,100,1.5,GL,1603000434
312,Nikolskoye,59.7,30.79,275.37,94,90,3.0,RU,1603000490
313,Esperance,-33.87,121.9,296.15,38,38,3.6,AU,1603000490
314,Cape Town,-33.93,18.42,289.26,87,75,0.5,ZA,1603000139
315,Bethel,41.37,-73.41,277.59,100,1,1.5,US,1603000433
316,Lake Havasu City,34.48,-114.32,298.15,10,1,1.5,US,1603000462
317,Kahului,20.89,-156.47,302.15,66,40,1.5,US,1603000275
318,Bluff,-46.6,168.33,283.71,68,67,2.68,NZ,1603000431
319,Elmira,42.09,-76.81,274.82,92,1,2.23,US,1603000460
320,Omboué,-1.57,9.26,298.07,87,92,1.78,GA,1603000472
321,Tiksi,71.69,128.87,266.65,96,100,5.25,RU,1603000435
322,Bereda,43.27,-7.54,280.93,100,100,0.42,ES,1603000492
323,Grindavik,63.84,-22.43,280.15,87,75,11.8,IS,1603000431
324,Spornoye,50.84,37.29,283.15,81,66,5.0,RU,1603000492
325,Manggar,-2.88,108.27,302.63,71,36,5.6,ID,1603000493
326,Richards Bay,-28.78,32.04,297.46,71,3,3.17,ZA,1603000493
327,Severo-Kuril'sk,50.68,156.12,281.5,70,58,5.37,RU,1603000451
328,Albany,42.6,-73.97,278.15,61,0,1.6,US,1603000190
329,Nsoko,-27.03,31.95,298.51,56,10,2.17,SZ,1603000494
330,Berlevåg,70.86,29.09,276.37,74,90,4.4,NO,1603000437
331,Saldanha,-33.01,17.94,284.15,93,68,1.5,ZA,1603000494
332,Khorixas,-20.37,14.97,300.24,22,19,3.16,NA,1603000495
333,East London,-33.02,27.91,290.15,82,20,5.1,ZA,1603000362
334,Punta Arenas,-53.15,-70.92,278.15,86,72,3.6,CL,1603000427
335,Na Wa,17.49,104.1,298.15,73,75,4.6,TH,1603000496
336,Rikitea,-23.12,-134.97,296.97,78,100,9.03,PF,1603000432
337,Puerto Escondido,15.85,-97.07,299.2,78,86,2.24,MX,1603000496
338,Khovd,48.01,91.64,281.58,42,32,1.0,MN,1603000496
339,Ribeira Grande,38.52,-28.7,289.77,61,65,5.25,PT,1603000463
340,Ushuaia,-54.8,-68.3,278.15,86,75,2.6,AR,1603000422
341,Kaitangata,-46.28,169.85,284.26,71,90,0.45,NZ,1603000497
342,Ushuaia,-54.8,-68.3,278.15,86,75,2.6,AR,1603000422
343,Chokurdakh,70.63,147.92,267.9,98,98,2.85,RU,1603000429
344,Chambersburg,39.94,-77.66,277.04,80,59,0.85,US,1603000419
345,Naranjal,-2.67,-79.62,297.15,73,75,5.7,EC,1603000430
346,Ada,43.42,-116.13,285.15,54,1,3.53,US,1603000498
347,Westport,41.14,-73.36,280.15,81,1,2.1,US,1603000498
348,Saint-Joseph,-21.37,55.62,300.15,65,10,5.1,RE,1603000498
349,Cape Town,-33.93,18.42,289.26,87,75,0.5,ZA,1603000139
350,Tiznit Province,29.58,-9.5,288.46,50,1,1.56,MA,1603000499
351,Hilo,19.73,-155.09,299.15,74,1,3.32,US,1603000424
352,Mataura,-46.19,168.86,283.71,68,85,2.68,NZ,1603000422
353,Chui,-33.7,-53.46,288.16,93,66,3.54,UY,1603000427
354,Herat Province,34.5,62.0,289.15,21,0,5.45,AF,1603000500
355,Ponta do Sol,32.67,-17.1,294.15,73,40,7.7,PT,1603000500
356,Alofi,-19.06,-169.92,300.15,88,91,5.1,NU,1603000500
357,Punta Arenas,-53.15,-70.92,278.15,86,72,3.6,CL,1603000427
358,Sinnamary,5.38,-52.95,299.88,84,66,4.67,GF,1603000500
359,Hithadhoo,-0.6,73.08,301.87,77,82,9.7,MV,1603000451
360,Hofn,64.25,-15.21,278.25,82,100,1.95,IS,1603000467
361,Río Cauto,20.56,-76.92,298.15,94,20,3.1,CU,1603000501
362,Kulhudhuffushi,6.62,73.07,301.11,78,100,6.3,MV,1603000502
363,Vanavara,60.34,102.28,276.22,96,100,3.57,RU,1603000502
364,Clyde River,70.47,-68.59,274.15,86,75,10.8,CA,1603000502
365,Ponta do Sol,32.67,-17.1,294.15,73,40,7.7,PT,1603000500
366,Ushuaia,-54.8,-68.3,278.15,86,75,2.6,AR,1603000422
367,Bredasdorp,-34.53,20.04,287.15,82,100,3.6,ZA,1603000434
368,Kapaa,22.08,-159.32,296.15,100,40,3.1,US,1603000432
369,Kalengwa,-13.47,25.0,295.65,41,0,3.07,ZM,1603000503
370,Mīrābād,30.44,61.84,294.4,22,0,8.28,AF,1603000503
371,Esperance,-33.87,121.9,296.15,38,38,3.6,AU,1603000490
372,Los Llanos de Aridane,28.66,-17.92,295.15,83,75,4.1,ES,1603000504
373,Busselton,-33.65,115.33,300.37,29,0,1.9,AU,1603000437
374,Solnechnyy,50.72,136.63,274.71,66,19,5.9,RU,1603000504
375,Mar del Plata,-38.0,-57.56,292.59,88,0,4.6,AR,1603000152
376,Uauá,-9.84,-39.48,291.34,90,8,6.0,BR,1603000505
377,Sola,-13.88,167.55,299.71,77,32,8.13,VU,1603000505
378,Yellowknife,62.46,-114.35,268.71,85,90,3.6,CA,1603000440
379,Vakhrushi,58.68,50.03,274.31,87,67,4.72,RU,1603000506
380,Kalininsk,51.5,44.48,286.58,65,91,9.52,RU,1603000506
381,Qaanaaq,77.48,-69.36,275.26,83,99,4.59,GL,1603000471
382,Te Anau,-45.42,167.72,285.37,73,95,1.33,NZ,1603000506
383,Cape Town,-33.93,18.42,289.26,87,75,0.5,ZA,1603000139
384,Khatanga,71.97,102.5,260.92,91,29,3.6,RU,1603000438
385,Beijing,39.91,116.4,297.59,22,0,1.77,CN,1603000507
386,Hobart,-42.88,147.33,289.15,41,75,5.7,AU,1603000318
387,Busselton,-33.65,115.33,300.37,29,0,1.9,AU,1603000437
388,Sisimiut,66.94,-53.67,276.51,77,90,5.1,GL,1603000508
389,Mataura,-46.19,168.86,283.71,68,85,2.68,NZ,1603000422
390,Busselton,-33.65,115.33,300.37,29,0,1.9,AU,1603000437
391,Punta Arenas,-53.15,-70.92,278.15,86,72,3.6,CL,1603000427
392,Puerto Carreño,6.19,-67.49,297.89,87,100,1.48,CO,1603000508
393,Thompson,55.74,-97.86,271.15,100,90,1.0,CA,1603000449
394,Jamestown,42.1,-79.24,280.93,56,1,3.1,US,1603000431
395,Iqaluit,63.75,-68.51,273.15,95,75,1.0,CA,1603000474
396,Arraial do Cabo,-22.97,-42.03,294.21,80,53,5.76,BR,1603000509
397,Krasnosel'kup,65.7,82.47,269.4,97,42,7.04,RU,1603000462
398,Rikitea,-23.12,-134.97,296.97,78,100,9.03,PF,1603000432
399,Cherskiy,68.75,161.3,267.52,93,15,6.01,RU,1603000450
400,Alexandria,31.22,29.96,291.15,88,0,1.85,EG,1603000183
401,Khatanga,71.97,102.5,260.92,91,29,3.6,RU,1603000438
402,Kununurra,-15.77,128.73,311.15,31,35,1.0,AU,1603000456
403,Ponta do Sol,32.67,-17.1,294.15,73,40,7.7,PT,1603000500
404,Albany,42.6,-73.97,278.15,61,0,1.6,US,1603000190
405,Tuatapere,-46.13,167.68,283.71,68,96,2.68,NZ,1603000475
406,Tasiilaq,65.61,-37.64,283.15,27,2,8.7,GL,1603000484
407,Hilo,19.73,-155.09,299.15,74,1,3.32,US,1603000424
408,Hong Kong,22.29,114.16,299.82,57,28,4.02,HK,1603000511
409,Ushuaia,-54.8,-68.3,278.15,86,75,2.6,AR,1603000422
410,Cabo San Lucas,22.89,-109.91,300.37,82,2,2.99,MX,1603000512
411,Matamoros,25.53,-103.25,292.61,46,0,0.22,MX,1603000512
412,Cidreira,-30.18,-50.21,291.98,79,92,8.1,BR,1603000512
413,Mackay,-21.15,149.2,300.15,51,0,6.2,AU,1603000512
414,Luís Correia,-2.88,-41.67,297.97,85,37,5.27,BR,1603000512
415,Upernavik,72.79,-56.15,275.01,91,100,9.3,GL,1603000473
416,San Patricio,28.02,-97.52,298.71,88,20,4.6,US,1603000513
417,Vanimo,-2.67,141.3,302.17,72,100,4.39,PG,1603000513
418,New Norfolk,-42.78,147.06,288.15,71,99,1.34,AU,1603000423
419,Hermanus,-34.42,19.23,285.37,95,77,3.33,ZA,1603000425
420,Kapaa,22.08,-159.32,296.15,100,40,3.1,US,1603000432
421,Hasaki,35.73,140.83,292.04,72,75,4.6,JP,1603000441
422,Rikitea,-23.12,-134.97,296.97,78,100,9.03,PF,1603000432
423,Christchurch,-43.53,172.63,287.15,76,99,4.1,NZ,1603000514
424,Te Anau,-45.42,167.72,285.37,73,95,1.33,NZ,1603000506
425,Tezu,27.92,96.17,305.74,44,0,1.56,IN,1603000514
426,Avera,33.19,-82.53,284.15,87,1,2.1,US,1603000515
427,Meulaboh,4.14,96.13,303.43,59,88,2.14,ID,1603000515
428,Rikitea,-23.12,-134.97,296.97,78,100,9.03,PF,1603000432
429,Bluff,-46.6,168.33,283.71,68,67,2.68,NZ,1603000431
430,Larsnes,62.2,5.58,278.71,88,81,4.92,NO,1603000515
431,Porto-Novo,6.5,2.6,297.76,90,26,1.03,BJ,1603000516
432,Pokhara,28.23,83.98,301.68,52,0,2.53,NP,1603000516
433,Rikitea,-23.12,-134.97,296.97,78,100,9.03,PF,1603000432
434,Yellowknife,62.46,-114.35,268.71,85,90,3.6,CA,1603000440
435,Cape Town,-33.93,18.42,289.26,87,75,0.5,ZA,1603000139
436,Maykor,59.01,55.88,274.19,88,1,2.96,RU,1603000517
437,Busselton,-33.65,115.33,300.37,29,0,1.9,AU,1603000437
438,Castro,-24.79,-50.01,284.66,89,64,5.27,BR,1603000443
439,Province of Mantua,45.17,10.78,280.15,93,0,1.5,IT,1603000517
440,Belaya Gora,68.53,146.42,268.21,98,96,4.94,RU,1603000518
441,Carnarvon,-24.87,113.63,298.15,65,90,9.3,AU,1603000518
442,Punta Arenas,-53.15,-70.92,278.15,86,72,3.6,CL,1603000427
443,Rikitea,-23.12,-134.97,296.97,78,100,9.03,PF,1603000432
444,Chokurdakh,70.63,147.92,267.9,98,98,2.85,RU,1603000429
445,Mataura,-46.19,168.86,283.71,68,85,2.68,NZ,1603000422
446,Hong Kong,22.29,114.16,299.82,57,28,4.02,HK,1603000511
447,Ngunguru,-35.62,174.5,290.93,68,22,3.13,NZ,1603000519
448,Bethel,41.37,-73.41,277.59,100,1,1.5,US,1603000433
449,Ushuaia,-54.8,-68.3,278.15,86,75,2.6,AR,1603000422
450,Puerto Ayora,-0.74,-90.35,294.82,86,78,1.79,EC,1603000453
451,Kapaa,22.08,-159.32,296.15,100,40,3.1,US,1603000432
452,Rikitea,-23.12,-134.97,296.97,78,100,9.03,PF,1603000432
453,Sørland,67.67,12.69,279.8,62,62,11.0,NO,1603000520
454,Arraial do Cabo,-22.97,-42.03,294.21,80,53,5.76,BR,1603000509
455,Coahuayana Viejo,18.73,-103.68,299.0,86,99,1.15,MX,1603000521
456,Saint-François,46.42,3.91,277.15,93,20,0.46,FR,1603000453
457,Saint-Philippe,-21.36,55.77,300.15,65,20,5.1,RE,1603000470
458,Sumbe,-11.21,13.84,297.13,87,96,1.86,AO,1603000521
459,Bengkulu,-3.8,102.27,301.68,69,77,1.93,ID,1603000209
460,Mataura,-46.19,168.86,283.71,68,85,2.68,NZ,1603000422
461,Cherskiy,68.75,161.3,267.52,93,15,6.01,RU,1603000450
462,Guangzhou,23.12,113.25,300.93,47,75,5.0,CN,1603000385
463,Nelson Bay,-32.72,152.15,295.15,64,90,6.7,AU,1603000446
464,Hong Kong,22.29,114.16,299.82,57,28,4.02,HK,1603000511
465,Tuktoyaktuk,69.45,-133.04,263.15,85,5,2.6,CA,1603000434
466,Ushuaia,-54.8,-68.3,278.15,86,75,2.6,AR,1603000422
467,Hithadhoo,-0.6,73.08,301.87,77,82,9.7,MV,1603000451
468,Rikitea,-23.12,-134.97,296.97,78,100,9.03,PF,1603000432
469,Lagoa,39.05,-27.98,289.57,57,64,4.97,PT,1603000523
470,Punta Arenas,-53.15,-70.92,278.15,86,72,3.6,CL,1603000427
471,Khatanga,71.97,102.5,260.92,91,29,3.6,RU,1603000438
472,Ushuaia,-54.8,-68.3,278.15,86,75,2.6,AR,1603000422
473,Thompson,55.74,-97.86,271.15,100,90,1.0,CA,1603000449
474,Ushuaia,-54.8,-68.3,278.15,86,75,2.6,AR,1603000422
475,Carnarvon,-24.87,113.63,298.15,65,90,9.3,AU,1603000518
476,Bluff,-46.6,168.33,283.71,68,67,2.68,NZ,1603000431
477,Bajil,15.06,43.29,303.92,54,0,1.49,YE,1603000525
478,Talcahuano,-36.72,-73.12,282.15,93,5,1.5,CL,1603000525
479,Lata,40.16,-8.33,287.04,93,20,2.6,PT,1603000526
480,Honningsvåg,70.98,25.97,277.24,74,99,6.06,NO,1603000526
481,Hermanus,-34.42,19.23,285.37,95,77,3.33,ZA,1603000425
482,Punta Arenas,-53.15,-70.92,278.15,86,72,3.6,CL,1603000427
483,Karratha,-20.74,116.85,301.52,36,0,9.22,AU,1603000527
484,Rikitea,-23.12,-134.97,296.97,78,100,9.03,PF,1603000432
485,Ngunguru,-35.62,174.5,290.93,68,22,3.13,NZ,1603000519
486,Bengkulu,-3.8,102.27,301.68,69,77,1.93,ID,1603000209
487,Rikitea,-23.12,-134.97,296.97,78,100,9.03,PF,1603000432
488,Puerto Ayora,-0.74,-90.35,294.82,86,78,1.79,EC,1603000453
489,Albany,42.6,-73.97,278.15,61,0,1.6,US,1603000190
490,Berlevåg,70.86,29.09,276.37,74,90,4.4,NO,1603000437
491,Mataura,-46.19,168.86,283.71,68,85,2.68,NZ,1603000422
492,Evensk,61.95,159.23,275.15,83,100,5.43,RU,1603000484
493,Broome,42.25,-75.83,278.15,60,1,2.6,US,1603000292
494,Ponta do Sol,32.67,-17.1,294.15,73,40,7.7,PT,1603000500
495,Bluff,-46.6,168.33,283.71,68,67,2.68,NZ,1603000431
496,Dikson,73.51,80.55,266.05,93,1,10.67,RU,1603000430
497,Rikitea,-23.12,-134.97,296.97,78,100,9.03,PF,1603000432
498,Meulaboh,4.14,96.13,303.43,59,88,2.14,ID,1603000515
499,Mezen',65.85,44.24,275.09,97,100,2.89,RU,1603000531
500,Palana,59.12,159.97,274.41,100,100,8.34,RU,1603000531
501,Sainte-Thècle,46.82,-72.5,273.15,90,1,1.43,CA,1603000531
502,Inta,66.03,60.17,271.6,97,86,7.53,RU,1603000531
503,Castro,-24.79,-50.01,284.66,89,64,5.27,BR,1603000443
504,Salamiyah,35.01,37.05,295.17,42,0,0.66,SY,1603000532
505,Rikitea,-23.12,-134.97,296.97,78,100,9.03,PF,1603000432
506,Lebu,-37.62,-73.65,282.57,94,15,0.26,CL,1603000456
507,Rikitea,-23.12,-134.97,296.97,78,100,9.03,PF,1603000432
508,Hasaki,35.73,140.83,292.04,72,75,4.6,JP,1603000441
509,Lüderitz,-26.65,15.16,293.95,33,29,7.71,NA,1603000432
510,Punta Arenas,-53.15,-70.92,278.15,86,72,3.6,CL,1603000427
511,Saint-Philippe,-21.36,55.77,300.15,65,20,5.1,RE,1603000470
512,Rikitea,-23.12,-134.97,296.97,78,100,9.03,PF,1603000432
513,Saint-Philippe,-21.36,55.77,300.15,65,20,5.1,RE,1603000470
514,Rikitea,-23.12,-134.97,296.97,78,100,9.03,PF,1603000432
515,Hobart,-42.88,147.33,289.15,41,75,5.7,AU,1603000318
516,Manggar,-2.88,108.27,302.63,71,36,5.6,ID,1603000493
517,Busselton,-33.65,115.33,300.37,29,0,1.9,AU,1603000437
518,Punta Arenas,-53.15,-70.92,278.15,86,72,3.6,CL,1603000427
519,George Town,5.41,100.34,305.15,70,20,2.1,MY,1603000427
520,Carbonia,39.17,8.52,285.93,81,20,1.5,IT,1603000535
521,Mamaku,-38.1,176.08,288.71,75,46,0.89,NZ,1603000535
522,Ushuaia,-54.8,-68.3,278.15,86,75,2.6,AR,1603000422
523,Mataura,-46.19,168.86,283.71,68,85,2.68,NZ,1603000422
524,Carutapera,-1.2,-46.02,298.24,85,41,2.63,BR,1603000536
525,Rikitea,-23.12,-134.97,296.97,78,100,9.03,PF,1603000432
526,Mataura,-46.19,168.86,283.71,68,85,2.68,NZ,1603000422
527,Rikitea,-23.12,-134.97,296.97,78,100,9.03,PF,1603000432
528,Aksarka,66.56,67.8,270.09,95,100,6.09,RU,1603000537
529,Albany,42.6,-73.97,278.15,61,0,1.6,US,1603000190
530,Ushuaia,-54.8,-68.3,278.15,86,75,2.6,AR,1603000422
531,Bredasdorp,-34.53,20.04,287.15,82,100,3.6,ZA,1603000434
532,Kavieng,-2.57,150.8,302.32,74,48,4.05,PG,1603000538
533,Albany,42.6,-73.97,278.15,61,0,1.6,US,1603000190
534,Bluff,-46.6,168.33,283.71,68,67,2.68,NZ,1603000431
535,Busselton,-33.65,115.33,300.37,29,0,1.9,AU,1603000437
536,Berlevåg,70.86,29.09,276.37,74,90,4.4,NO,1603000437
537,Tuktoyaktuk,69.45,-133.04,263.15,85,5,2.6,CA,1603000434
538,Albany,42.6,-73.97,278.15,61,0,1.6,US,1603000190
539,Tirumullaivāsal,11.23,79.83,303.1,65,100,2.58,IN,1603000539
540,Qaanaaq,77.48,-69.36,275.26,83,99,4.59,GL,1603000471
541,Mandi,31.72,76.92,300.52,20,0,2.84,IN,1603000308
542,East London,-33.02,27.91,290.15,82,20,5.1,ZA,1603000362
543,Rikitea,-23.12,-134.97,296.97,78,100,9.03,PF,1603000432
544,Kapaa,22.08,-159.32,296.15,100,40,3.1,US,1603000432
545,Ushuaia,-54.8,-68.3,278.15,86,75,2.6,AR,1603000422
546,Tiksi,71.69,128.87,266.65,96,100,5.25,RU,1603000435
547,Mount Isa,-20.73,139.5,310.15,16,75,2.1,AU,1603000541
548,Ushuaia,-54.8,-68.3,278.15,86,75,2.6,AR,1603000422
549,Bambous Virieux,-20.34,57.76,299.26,61,40,5.1,MU,1603000541
550,Teknāf,20.86,92.31,303.34,72,99,4.97,BD,1603000541
551,Jalu,29.03,21.55,299.76,22,0,5.76,LY,1603000541
552,Punta Arenas,-53.15,-70.92,278.15,86,72,3.6,CL,1603000427
553,Zhangaözen,43.3,52.8,292.98,22,0,6.56,KZ,1603000542
554,Saskylakh,71.92,114.08,264.97,96,98,1.95,RU,1603000542
555,Nizwá,22.93,57.53,304.45,9,16,0.46,OM,1603000542
556,Praia da Vitória,38.73,-27.07,288.15,72,40,4.7,PT,1603000542
557,Lakatoro,-16.1,167.42,301.15,69,40,1.5,VU,1603000461
558,Price,39.6,-110.81,285.15,32,1,2.6,US,1603000543
559,Kushiro,42.98,144.37,288.15,62,20,6.2,JP,1603000543
560,North Bend,43.41,-124.22,285.37,93,1,2.83,US,1603000543
561,São Filipe,14.9,-24.5,299.27,83,47,0.38,CV,1603000543
562,Mataura,-46.19,168.86,283.71,68,85,2.68,NZ,1603000422
563,Tiznit Province,29.58,-9.5,288.46,50,1,1.56,MA,1603000499
564,Tuatapere,-46.13,167.68,283.71,68,96,2.68,NZ,1603000475
565,Beyneu,45.32,55.2,293.7,22,0,4.43,KZ,1603000544
566,Mataura,-46.19,168.86,283.71,68,85,2.68,NZ,1603000422
567,Hazorasp,41.32,61.07,291.15,31,0,1.0,UZ,1603000545
568,Klaksvík,62.23,-6.59,274.15,100,98,0.91,FO,1603000545
569,Matagami,49.75,-77.63,274.15,100,90,4.1,CA,1603000545
570,Oranjestad,12.52,-70.03,302.15,74,20,8.2,AW,1603000280
571,Richards Bay,-28.78,32.04,297.46,71,3,3.17,ZA,1603000493
572,Burgeo,47.62,-57.62,286.67,95,100,9.5,CA,1603000546
573,Talnakh,69.49,88.4,268.15,85,86,7.0,RU,1603000546
574,Barrow,71.29,-156.79,266.15,73,1,6.2,US,1603000443
575,Arraial do Cabo,-22.97,-42.03,294.21,80,53,5.76,BR,1603000509
576,Kapustin Yar,48.58,45.74,291.16,60,45,7.58,RU,1603000546
577,Dawei,14.08,98.2,295.84,94,100,1.78,MM,1603000547
578,Lüderitz,-26.65,15.16,293.95,33,29,7.71,NA,1603000432
579,Punta Arenas,-53.15,-70.92,278.15,86,72,3.6,CL,1603000427
580,Bluff,-46.6,168.33,283.71,68,67,2.68,NZ,1603000431
581,Makakilo City,21.35,-158.09,300.15,78,90,1.91,US,1603000548
582,Grindavik,63.84,-22.43,280.15,87,75,11.8,IS,1603000431
583,Shizunai-furukawachō,42.33,142.37,288.93,64,42,4.99,JP,1603000194
584,Vaini,-21.2,-175.2,296.15,83,40,6.7,TO,1603000428
585,Muros,42.78,-9.06,288.15,89,100,0.89,ES,1603000444
586,Kapaa,22.08,-159.32,296.15,100,40,3.1,US,1603000432
587,Carnarvon,-24.87,113.63,298.15,65,90,9.3,AU,1603000518
588,Ust-Kuyga,70.02,135.6,267.76,97,100,2.57,RU,1603000549
589,Hermanus,-34.42,19.23,285.37,95,77,3.33,ZA,1603000425
590,Yellowknife,62.46,-114.35,268.71,85,90,3.6,CA,1603000440
591,Sitka,57.05,-135.33,278.15,60,40,2.1,US,1603000347
592,Quatre Cocos,-20.21,57.76,299.26,61,40,5.1,MU,1603000550
593,Tequixquiac,19.91,-99.15,289.15,63,5,4.1,MX,1603000550
594,Kencong,-8.28,113.37,302.76,62,54,4.22,ID,1603000550
595,Mataura,-46.19,168.86,283.71,68,85,2.68,NZ,1603000422
596,Sabha,27.04,14.43,296.16,21,15,3.33,LY,1603000551
597,La Santisima Trinidad,-14.83,-64.9,298.75,57,4,1.27,BO,1603000551
598,Cherskiy,68.75,161.3,267.52,93,15,6.01,RU,1603000450
599,Cape Town,-33.93,18.42,289.26,87,75,0.5,ZA,1603000139
600,Port Alfred,-33.59,26.89,291.94,76,72,8.47,ZA,1603000460
601,Vaini,-21.2,-175.2,296.15,83,40,6.7,TO,1603000428
602,Ribeira Grande,38.52,-28.7,289.77,61,65,5.25,PT,1603000463
603,Vila,42.03,-8.16,282.04,95,100,1.67,PT,1603000552
604,Prudnik,50.32,17.57,277.59,94,100,3.29,PL,1603000552
605,Cherskiy,68.75,161.3,267.52,93,15,6.01,RU,1603000450
606,Provideniya,64.38,-173.3,274.97,87,42,1.46,RU,1603000447
607,Albany,42.6,-73.97,278.15,61,0,1.6,US,1603000190
608,Busselton,-33.65,115.33,300.37,29,0,1.9,AU,1603000437
609,Bluff,-46.6,168.33,283.71,68,67,2.68,NZ,1603000431
610,Norman Wells,65.28,-126.83,256.15,84,5,1.5,CA,1603000467
611,Domoni,-12.26,44.53,300.05,68,42,2.62,KM,1603000554
612,Ponta do Sol,32.67,-17.1,294.15,73,40,7.7,PT,1603000500
613,Mataura,-46.19,168.86,283.71,68,85,2.68,NZ,1603000422
614,New Norfolk,-42.78,147.06,288.15,71,99,1.34,AU,1603000423
615,Karasuyama,36.65,140.15,291.15,55,75,3.6,JP,1603000554
616,Kurdzhinovo,43.99,40.96,292.61,40,1,1.18,RU,1603000554
617,Lagawe,16.8,121.12,299.87,77,92,1.78,PH,1603000555
618,Dunedin,-45.87,170.5,284.26,71,77,1.34,NZ,1603000430
619,Ust'-Barguzin,53.45,108.98,281.25,71,92,6.85,RU,1603000555
620,Ambovombe,-25.17,46.08,295.13,68,48,8.33,MG,1603000555
621,Kontagora,10.4,5.47,295.8,90,0,0.86,NG,1603000555
622,Leningradskiy,69.38,178.42,267.65,88,0,3.76,RU,1603000452
623,Butaritari,3.07,172.79,301.02,77,14,8.23,KI,1603000432
624,Busselton,-33.65,115.33,300.37,29,0,1.9,AU,1603000437
625,Verkhoyansk,67.54,133.38,266.72,96,100,2.49,RU,1603000556
626,Ilulissat,69.22,-51.1,276.15,86,100,1.5,GL,1603000434
627,George Town,5.41,100.34,305.15,70,20,2.1,MY,1603000427
628,Saskylakh,71.92,114.08,264.97,96,98,1.95,RU,1603000542
629,Cabo San Lucas,22.89,-109.91,300.37,82,2,2.99,MX,1603000512
630,Castro,-24.79,-50.01,284.66,89,64,5.27,BR,1603000443
631,Ushuaia,-54.8,-68.3,278.15,86,75,2.6,AR,1603000422
632,Kapaa,22.08,-159.32,296.15,100,40,3.1,US,1603000432
633,Thompson,55.74,-97.86,271.15,100,90,1.0,CA,1603000449
634,Bengkulu,-3.8,102.27,301.68,69,77,1.93,ID,1603000209
635,Mataura,-46.19,168.86,283.71,68,85,2.68,NZ,1603000422
636,Rikitea,-23.12,-134.97,296.97,78,100,9.03,PF,1603000432
637,Arraial do Cabo,-22.97,-42.03,294.21,80,53,5.76,BR,1603000509
638,Herat Province,34.5,62.0,289.15,21,0,5.45,AF,1603000500
639,Satinka,52.38,41.68,286.49,84,100,8.58,RU,1603000559
640,Rikitea,-23.12,-134.97,296.97,78,100,9.03,PF,1603000432
641,Qaanaaq,77.48,-69.36,275.26,83,99,4.59,GL,1603000471
642,Deputatsky,69.3,139.9,263.3,96,100,4.48,RU,1603000559
643,Mataura,-46.19,168.86,283.71,68,85,2.68,NZ,1603000422
644,Mataura,-46.19,168.86,283.71,68,85,2.68,NZ,1603000422
645,Rikitea,-23.12,-134.97,296.97,78,100,9.03,PF,1603000432
646,Grants,35.15,-107.85,285.15,12,1,4.6,US,1603000442
647,Nikolskoye,59.7,30.79,275.37,94,90,3.0,RU,1603000490
648,Lüderitz,-26.65,15.16,293.95,33,29,7.71,NA,1603000432
649,George Town,5.41,100.34,305.15,70,20,2.1,MY,1603000427
650,Gamba,-2.65,10.0,298.24,87,100,2.6,GA,1603000561
651,Rikitea,-23.12,-134.97,296.97,78,100,9.03,PF,1603000432
652,East London,-33.02,27.91,290.15,82,20,5.1,ZA,1603000362
653,Bogorodskoye,56.55,37.88,276.72,96,100,3.34,RU,1603000400
654,Sheltozero,61.37,35.37,274.68,88,92,5.28,RU,1603000561
655,Pevek,69.7,170.31,270.45,96,96,7.14,RU,1603000562
656,Arraial do Cabo,-22.97,-42.03,294.21,80,53,5.76,BR,1603000509
657,Albany,42.6,-73.97,278.15,61,0,1.6,US,1603000190
658,Mataura,-46.19,168.86,283.71,68,85,2.68,NZ,1603000422
659,Qaanaaq,77.48,-69.36,275.26,83,99,4.59,GL,1603000471
660,East London,-33.02,27.91,290.15,82,20,5.1,ZA,1603000362
661,Arawa,-6.21,155.54,301.84,72,100,1.72,PG,1603000563
662,Mahuva,21.09,71.76,303.33,69,2,6.06,IN,1603000564
663,Punta Arenas,-53.15,-70.92,278.15,86,72,3.6,CL,1603000427
664,Avarua,-21.21,-159.78,296.15,78,91,2.1,CK,1603000564
665,Ahipara,-35.17,173.17,287.9,80,44,3.06,NZ,1603000564
666,Anloga,5.79,0.9,298.15,94,40,1.0,GH,1603000564
667,Bluff,-46.6,168.33,283.71,68,67,2.68,NZ,1603000431
668,Ushuaia,-54.8,-68.3,278.15,86,75,2.6,AR,1603000422
669,Venado Tuerto,-33.75,-61.97,294.82,86,0,2.68,AR,1603000565
670,Puerto Ayora,-0.74,-90.35,294.82,86,78,1.79,EC,1603000453
671,Vaini,-21.2,-175.2,296.15,83,40,6.7,TO,1603000428
672,Arraial do Cabo,-22.97,-42.03,294.21,80,53,5.76,BR,1603000509
673,Rawlins,41.79,-107.24,283.15,31,1,10.8,US,1603000371
674,Port Augusta,-32.5,137.77,293.71,55,0,7.7,AU,1603000566
675,Ponta do Sol,32.67,-17.1,294.15,73,40,7.7,PT,1603000500
676,Hong Kong,22.29,114.16,299.82,57,28,4.02,HK,1603000511
677,Port-Gentil,-0.72,8.78,299.15,88,75,3.6,GA,1603000567
678,Kavaratti,10.57,72.64,300.77,76,38,4.74,IN,1603000452
679,Beloha,-25.17,45.05,297.71,55,5,7.56,MG,1603000567
680,Punta Arenas,-53.15,-70.92,278.15,86,72,3.6,CL,1603000427
681,Rikitea,-23.12,-134.97,296.97,78,100,9.03,PF,1603000432
682,Bathsheba,13.22,-59.52,299.15,88,20,5.7,BB,1603000568
683,Saskylakh,71.92,114.08,264.97,96,98,1.95,RU,1603000542
684,Abu Samrah,35.3,37.18,294.72,48,0,0.93,SY,1603000568
685,São Félix do Xingu,-6.64,-51.99,295.87,80,66,0.43,BR,1603000568
686,Hobart,-42.88,147.33,289.15,41,75,5.7,AU,1603000318
687,Albany,42.6,-73.97,278.15,61,0,1.6,US,1603000190
688,Ushuaia,-54.8,-68.3,278.15,86,75,2.6,AR,1603000422
689,Magistral'nyy,56.17,107.45,277.72,93,100,2.63,RU,1603000569
690,Saskylakh,71.92,114.08,264.97,96,98,1.95,RU,1603000542
691,Rikitea,-23.12,-134.97,296.97,78,100,9.03,PF,1603000432
692,Busselton,-33.65,115.33,300.37,29,0,1.9,AU,1603000437
693,Fairbanks,64.84,-147.72,267.59,61,75,1.03,US,1603000437
694,Berbera,10.44,45.01,303.18,54,4,0.67,SO,1603000570
695,Chokurdakh,70.63,147.92,267.9,98,98,2.85,RU,1603000429
696,Tommot,58.96,126.29,268.85,88,99,3.03,RU,1603000571
697,Kraśnik,50.92,22.23,279.15,100,75,4.6,PL,1603000571
698,Port Elizabeth,-33.92,25.57,290.15,88,75,7.7,ZA,1603000234
699,Upernavik,72.79,-56.15,275.01,91,100,9.3,GL,1603000473
700,Lorengau,-2.02,147.27,302.67,66,30,3.86,PG,1603000571
701,Hilo,19.73,-155.09,299.15,74,1,3.32,US,1603000424
702,Ushuaia,-54.8,-68.3,278.15,86,75,2.6,AR,1603000422
703,Port Alfred,-33.59,26.89,291.94,76,72,8.47,ZA,1603000460
704,Busselton,-33.65,115.33,300.37,29,0,1.9,AU,1603000437
705,Bandundu Province,-3.32,17.37,296.71,92,100,0.86,CD,1603000572
706,Mataura,-46.19,168.86,283.71,68,85,2.68,NZ,1603000422
707,Henties Bay,-22.12,14.28,287.59,94,0,1.34,NA,1603000573
708,Albany,42.6,-73.97,278.15,61,0,1.6,US,1603000190
709,Mataura,-46.19,168.86,283.71,68,85,2.68,NZ,1603000422
710,Albany,42.6,-73.97,278.15,61,0,1.6,US,1603000190
711,Nome,64.5,-165.41,276.15,86,90,8.7,US,1603000464
712,Punta Arenas,-53.15,-70.92,278.15,86,72,3.6,CL,1603000427
713,Darnah,32.77,22.64,296.89,84,65,2.51,LY,1603000574
714,Hasaki,35.73,140.83,292.04,72,75,4.6,JP,1603000441
715,Xihe,31.69,113.47,292.72,38,100,1.47,CN,1603000574
716,Provideniya,64.38,-173.3,274.97,87,42,1.46,RU,1603000447
717,Punta Arenas,-53.15,-70.92,278.15,86,72,3.6,CL,1603000427
718,Kapaa,22.08,-159.32,296.15,100,40,3.1,US,1603000432
719,Tiksi,71.69,128.87,266.65,96,100,5.25,RU,1603000435
720,Jishou,28.32,109.72,288.53,72,93,1.9,CN,1603000575
721,Ushuaia,-54.8,-68.3,278.15,86,75,2.6,AR,1603000422
722,Thompson,55.74,-97.86,271.15,100,90,1.0,CA,1603000449
723,Iaciara,-14.1,-46.63,297.64,64,50,1.6,BR,1603000576
724,Mataura,-46.19,168.86,283.71,68,85,2.68,NZ,1603000422
725,Thompson,55.74,-97.86,271.15,100,90,1.0,CA,1603000449
726,Hilo,19.73,-155.09,299.15,74,1,3.32,US,1603000424
727,Castro,-24.79,-50.01,284.66,89,64,5.27,BR,1603000443
728,Oudtshoorn,-33.59,22.2,287.15,93,90,3.6,ZA,1603000577
729,East London,-33.02,27.91,290.15,82,20,5.1,ZA,1603000362
730,Makurdi,7.74,8.51,295.3,86,20,1.44,NG,1603000577
731,Rikitea,-23.12,-134.97,296.97,78,100,9.03,PF,1603000432
732,Avarua,-21.21,-159.78,296.15,78,91,2.1,CK,1603000564
733,Kyra,49.58,111.98,282.99,47,85,4.42,RU,1603000578
734,Puerto Ayora,-0.74,-90.35,294.82,86,78,1.79,EC,1603000453
735,Talnakh,69.49,88.4,268.15,85,86,7.0,RU,1603000546
736,Gazojak,41.19,61.4,294.19,21,0,2.24,TM,1603000578
737,Port Elizabeth,-33.92,25.57,290.15,88,75,7.7,ZA,1603000234
738,Ushuaia,-54.8,-68.3,278.15,86,75,2.6,AR,1603000422
739,Gushikawa,26.35,127.87,301.15,61,20,6.7,JP,1603000579
740,Ushuaia,-54.8,-68.3,278.15,86,75,2.6,AR,1603000422
741,Gallup,35.53,-108.74,281.15,16,1,2.1,US,1603000579
742,Sakakah,29.97,40.21,294.15,22,0,1.88,SA,1603000580
743,Punta Arenas,-53.15,-70.92,278.15,86,72,3.6,CL,1603000427
744,Geraldton,-28.77,114.6,298.15,53,2,9.8,AU,1603000466
745,Lubango,-14.92,13.49,294.47,46,15,0.78,AO,1603000580
746,Ushuaia,-54.8,-68.3,278.15,86,75,2.6,AR,1603000422
747,Awjilah,29.11,21.29,300.13,21,0,6.4,LY,1603000581
748,Rikitea,-23.12,-134.97,296.97,78,100,9.03,PF,1603000432
749,Strezhevoy,60.73,77.59,272.15,80,75,7.0,RU,1603000581
750,Bilibino,68.05,166.44,265.39,93,97,1.24,RU,1603000581
751,Bluff,-46.6,168.33,283.71,68,67,2.68,NZ,1603000431
752,Albany,42.6,-73.97,278.15,61,0,1.6,US,1603000190
753,Carutapera,-1.2,-46.02,298.24,85,41,2.63,BR,1603000536
754,Mataura,-46.19,168.86,283.71,68,85,2.68,NZ,1603000422
755,Flinders,-34.58,150.86,290.93,86,85,1.79,AU,1603000583
756,Iberia,29.95,-91.75,293.15,93,1,2.6,US,1603000583
757,Laguna,38.42,-121.42,294.26,43,1,1.5,US,1603000449
758,Kutum,14.2,24.67,298.67,18,43,5.81,SD,1603000583
759,Jumla,29.27,82.18,296.01,23,26,2.7,NP,1603000584
760,Lavrentiya,65.58,-171.0,275.53,87,86,2.2,RU,1603000470
761,Ushuaia,-54.8,-68.3,278.15,86,75,2.6,AR,1603000422
762,Torres,-29.34,-49.73,289.55,90,88,3.99,BR,1603000584
763,Mitú,1.2,-70.17,294.3,96,47,0.67,CO,1603000201
764,Rikitea,-23.12,-134.97,296.97,78,100,9.03,PF,1603000432
765,Tasiilaq,65.61,-37.64,283.15,27,2,8.7,GL,1603000484
766,Punta Arenas,-53.15,-70.92,278.15,86,72,3.6,CL,1603000427
767,Timrå,62.49,17.33,274.26,80,35,6.2,SE,1603000586
768,Gigmoto,13.78,124.39,302.51,74,87,4.3,PH,1603000586
769,East London,-33.02,27.91,290.15,82,20,5.1,ZA,1603000362
770,Kapaa,22.08,-159.32,296.15,100,40,3.1,US,1603000432
771,Coyhaique,-45.58,-72.07,280.15,75,90,5.7,CL,1603000586
772,Winnemucca,40.97,-117.74,280.15,36,1,2.6,US,1603000587
773,Hong Kong,22.29,114.16,299.82,57,28,4.02,HK,1603000511
774,Butaritari,3.07,172.79,301.02,77,14,8.23,KI,1603000432
775,Hermanus,-34.42,19.23,285.37,95,77,3.33,ZA,1603000425
776,Talara,-4.58,-81.27,291.5,84,84,5.75,PE,1603000587
777,Arraial do Cabo,-22.97,-42.03,294.21,80,53,5.76,BR,1603000509
778,Ribeira Grande,38.52,-28.7,289.77,61,65,5.25,PT,1603000463
779,Korla,41.76,86.15,289.63,28,99,2.97,CN,1603000588
780,Rikitea,-23.12,-134.97,296.97,78,100,9.03,PF,1603000432
781,Longyearbyen,78.22,15.64,269.15,79,20,2.6,SJ,1603000450
782,San Patricio,28.02,-97.52,298.71,88,20,4.6,US,1603000513
783,Port Alfred,-33.59,26.89,291.94,76,72,8.47,ZA,1603000460
784,Kahului,20.89,-156.47,302.15,66,40,1.5,US,1603000275
785,Puerto Ayora,-0.74,-90.35,294.82,86,78,1.79,EC,1603000453
786,Nouadhibou,20.93,-17.03,297.15,60,0,6.2,MR,1603000589
787,Albany,42.6,-73.97,278.15,61,0,1.6,US,1603000190
788,Urengoy,65.97,78.37,268.41,96,99,8.35,RU,1603000590
789,Port Elizabeth,-33.92,25.57,290.15,88,75,7.7,ZA,1603000234
790,Flin Flon,54.77,-101.86,270.31,96,100,4.49,CA,1603000590
791,Arraial do Cabo,-22.97,-42.03,294.21,80,53,5.76,BR,1603000509
792,Constitución,-35.33,-72.42,283.24,82,0,3.59,CL,1603000591
793,Bambous Virieux,-20.34,57.76,299.26,61,40,5.1,MU,1603000541
794,Mataura,-46.19,168.86,283.71,68,85,2.68,NZ,1603000422
795,Busselton,-33.65,115.33,300.37,29,0,1.9,AU,1603000437
796,Longyearbyen,78.22,15.64,269.15,79,20,2.6,SJ,1603000450
797,Mataura,-46.19,168.86,283.71,68,85,2.68,NZ,1603000422
798,Jamestown,42.1,-79.24,280.93,56,1,3.1,US,1603000431
799,Barrow,71.29,-156.79,266.15,73,1,6.2,US,1603000443
800,Muros,42.78,-9.06,288.15,89,100,0.89,ES,1603000444
801,Butaritari,3.07,172.79,301.02,77,14,8.23,KI,1603000432
802,Airai,-8.93,125.41,298.21,51,75,1.24,TL,1603000442
803,Jamestown,42.1,-79.24,280.93,56,1,3.1,US,1603000431
804,Maniitsoq,65.42,-52.9,277.86,84,98,5.57,GL,1603000593
805,Atuona,-9.8,-139.03,298.83,77,4,6.56,PF,1603000436
806,Salalah,17.02,54.09,303.15,35,0,1.0,OM,1603000594
807,Luau,-10.71,22.22,296.72,59,2,1.37,AO,1603000594
808,Jamestown,42.1,-79.24,280.93,56,1,3.1,US,1603000431
809,Katsuura,35.13,140.3,292.04,62,100,5.24,JP,1603000595
810,Ushuaia,-54.8,-68.3,278.15,86,75,2.6,AR,1603000422
811,Arraial do Cabo,-22.97,-42.03,294.21,80,53,5.76,BR,1603000509
812,Khatanga,71.97,102.5,260.92,91,29,3.6,RU,1603000438
813,Hermanus,-34.42,19.23,285.37,95,77,3.33,ZA,1603000425
814,Saint Anthony,45.02,-93.22,276.15,69,1,4.1,US,1603000596
815,Nanortalik,60.14,-45.24,277.66,80,83,3.02,GL,1603000596
816,Chokurdakh,70.63,147.92,267.9,98,98,2.85,RU,1603000429
817,Dikson,73.51,80.55,266.05,93,1,10.67,RU,1603000430
818,Smithers,54.78,-127.17,274.15,74,90,3.1,CA,1603000596
819,Busselton,-33.65,115.33,300.37,29,0,1.9,AU,1603000437
820,Sabha,27.04,14.43,296.16,21,15,3.33,LY,1603000551
821,Nakskov,54.84,11.13,283.15,81,100,1.34,DK,1603000597
822,Hong Kong,22.29,114.16,299.82,57,28,4.02,HK,1603000511
823,Guerrero Negro,27.98,-114.06,294.93,77,14,3.69,MX,1603000598
824,Ribeira Grande,38.52,-28.7,289.77,61,65,5.25,PT,1603000463
825,Bredasdorp,-34.53,20.04,287.15,82,100,3.6,ZA,1603000434
826,Ushuaia,-54.8,-68.3,278.15,86,75,2.6,AR,1603000422
827,Ushuaia,-54.8,-68.3,278.15,86,75,2.6,AR,1603000422
828,Hobart,-42.88,147.33,289.15,41,75,5.7,AU,1603000318
829,Bosobolo,4.18,19.9,296.6,92,93,0.07,CD,1603000599
830,Albany,42.6,-73.97,278.15,61,0,1.6,US,1603000190
831,Oyem,1.6,11.58,292.92,99,100,1.21,GA,1603000599
832,Pala,9.36,14.9,297.23,80,64,2.51,TD,1603000600
833,Hilo,19.73,-155.09,299.15,74,1,3.32,US,1603000424
834,Ushuaia,-54.8,-68.3,278.15,86,75,2.6,AR,1603000422
835,Port Augusta,-32.5,137.77,293.71,55,0,7.7,AU,1603000566
836,Cabo San Lucas,22.89,-109.91,300.37,82,2,2.99,MX,1603000512
837,Usinsk,65.99,57.53,271.67,96,63,5.96,RU,1603000601
838,Airai,-8.93,125.41,298.21,51,75,1.24,TL,1603000442
839,Jamestown,42.1,-79.24,280.93,56,1,3.1,US,1603000431
840,Kapaa,22.08,-159.32,296.15,100,40,3.1,US,1603000432
841,Karwar,14.8,74.13,300.92,73,41,3.04,IN,1603000602
842,Sept-Îles,50.2,-66.38,278.15,93,90,8.2,CA,1603000602
843,Albany,42.6,-73.97,278.15,61,0,1.6,US,1603000190
844,Ancud,-41.87,-73.82,282.59,93,90,5.1,CL,1603000603
845,Busselton,-33.65,115.33,300.37,29,0,1.9,AU,1603000437
846,Khor,47.89,134.95,277.76,63,14,7.0,RU,1603000603
847,Hermanus,-34.42,19.23,285.37,95,77,3.33,ZA,1603000425
848,Hermanus,-34.42,19.23,285.37,95,77,3.33,ZA,1603000425
849,Arinos,-15.92,-46.11,294.23,87,38,1.21,BR,1603000604
850,Bom Jesus,-9.07,-44.36,296.82,32,22,1.39,BR,1603000604
851,Panama City,8.99,-79.52,297.59,74,97,2.7,PA,1603000482
852,Saint George,37.1,-113.58,292.15,15,1,3.6,US,1603000315
853,Nikolskoye,59.7,30.79,275.37,94,90,3.0,RU,1603000490
854,Nova Olímpia,-14.8,-57.29,297.54,64,25,0.92,BR,1603000605
855,Richards Bay,-28.78,32.04,297.46,71,3,3.17,ZA,1603000493
856,Albany,42.6,-73.97,278.15,61,0,1.6,US,1603000190
857,Rio Negrinho,-26.25,-49.52,284.26,94,89,1.34,BR,1603000605
858,Punta Arenas,-53.15,-70.92,278.15,86,72,3.6,CL,1603000427
859,Albany,42.6,-73.97,278.15,61,0,1.6,US,1603000190
860,Atuona,-9.8,-139.03,298.83,77,4,6.56,PF,1603000436
861,Vaini,-21.2,-175.2,296.15,83,40,6.7,TO,1603000428
862,Tasiilaq,65.61,-37.64,283.15,27,2,8.7,GL,1603000484
863,Makkah al Mukarramah,21.43,39.83,307.4,9,0,1.55,SA,1603000607
864,Busselton,-33.65,115.33,300.37,29,0,1.9,AU,1603000437
865,Måløy,61.94,5.11,278.71,70,47,5.1,NO,1603000608
866,Guiratinga,-16.35,-53.76,298.66,63,63,0.8,BR,1603000608
867,Hobart,-42.88,147.33,289.15,41,75,5.7,AU,1603000318
868,San Patricio,28.02,-97.52,298.71,88,20,4.6,US,1603000513
869,Luang Prabang,19.89,102.13,299.15,61,75,4.1,LA,1603000609
870,Saint-Philippe,-21.36,55.77,300.15,65,20,5.1,RE,1603000470
871,Kapit,2.02,112.93,305.04,64,95,1.33,MY,1603000609
872,Mount Gambier,-37.83,140.77,287.15,62,90,5.1,AU,1603000609
873,Takoradze,4.88,-1.76,297.79,89,99,1.45,GH,1603000610
874,San Policarpo,12.18,125.51,302.88,71,83,3.44,PH,1603000610
875,Vaini,-21.2,-175.2,296.15,83,40,6.7,TO,1603000428
876,Zhaoqing,23.05,112.46,300.93,99,35,3.1,CN,1603000610
877,George Town,5.41,100.34,305.15,70,20,2.1,MY,1603000427
878,Cape Town,-33.93,18.42,289.26,87,75,0.5,ZA,1603000139
879,Nioro,13.35,-15.75,298.01,90,0,2.18,GM,1603000611
880,Bethel,41.37,-73.41,277.59,100,1,1.5,US,1603000433
881,Nola,40.92,14.53,285.37,87,20,1.0,IT,1603000611
882,Jamestown,42.1,-79.24,280.93,56,1,3.1,US,1603000431
883,Cidreira,-30.18,-50.21,291.98,79,92,8.1,BR,1603000512
884,Yaan,7.38,8.57,294.98,90,52,1.63,NG,1603000612
885,Hobart,-42.88,147.33,289.15,41,75,5.7,AU,1603000318
886,Lata,40.16,-8.33,287.04,93,20,2.6,PT,1603000526
887,Puerto Escondido,15.85,-97.07,299.2,78,86,2.24,MX,1603000496
888,Vao,-22.67,167.48,295.45,66,14,4.72,NC,1603000613
889,Alta Floresta,-9.88,-56.09,296.55,65,48,0.92,BR,1603000374
890,Hobart,-42.88,147.33,289.15,41,75,5.7,AU,1603000318
891,Dédougou,12.47,-3.47,299.25,57,1,1.6,BF,1603000613
892,São Filipe,14.9,-24.5,299.27,83,47,0.38,CV,1603000543
893,Mount Vernon,40.91,-73.84,285.15,54,20,1.05,US,1603000467
894,Hobart,-42.88,147.33,289.15,41,75,5.7,AU,1603000318
895,Cape Town,-33.93,18.42,289.26,87,75,0.5,ZA,1603000139
896,Qaanaaq,77.48,-69.36,275.26,83,99,4.59,GL,1603000471
897,Danané,7.26,-8.15,293.46,98,90,0.22,CI,1603000614
898,Rikitea,-23.12,-134.97,296.97,78,100,9.03,PF,1603000432
899,Altamira,-3.2,-52.21,295.54,95,18,1.28,BR,1603000615
900,Busselton,-33.65,115.33,300.37,29,0,1.9,AU,1603000437
901,Jiayuguan City,39.82,98.3,287.28,29,0,6.1,CN,1603000615
902,Whitecourt,54.15,-115.69,264.53,85,0,1.29,CA,1603000615
903,Souillac,-20.52,57.52,299.15,61,40,5.1,MU,1603000616
904,Qaanaaq,77.48,-69.36,275.26,83,99,4.59,GL,1603000471
905,Portland,45.52,-122.68,287.15,71,90,2.6,US,1603000202
906,Punta Arenas,-53.15,-70.92,278.15,86,72,3.6,CL,1603000427
907,Buraidah,26.33,43.98,291.15,34,0,0.64,SA,1603000557
908,Kapaa,22.08,-159.32,296.15,100,40,3.1,US,1603000432
909,Erenhot,43.65,111.98,285.15,38,0,6.12,CN,1603000617
910,Leningradskiy,69.38,178.42,267.65,88,0,3.76,RU,1603000452
911,Padang,-0.95,100.35,303.63,58,83,2.11,ID,1603000617
912,Puerto Ayora,-0.74,-90.35,294.82,86,78,1.79,EC,1603000453
913,Chui,-33.7,-53.46,288.16,93,66,3.54,UY,1603000427
914,Maniitsoq,65.42,-52.9,277.86,84,98,5.57,GL,1603000593
915,Punta Arenas,-53.15,-70.92,278.15,86,72,3.6,CL,1603000427
916,Samarai,-10.62,150.67,300.48,81,53,5.37,PG,1603000618
917,Ballina,-28.87,153.57,305.15,57,50,7.7,AU,1603000560
918,Qaanaaq,77.48,-69.36,275.26,83,99,4.59,GL,1603000471
919,Arraial do Cabo,-22.97,-42.03,294.21,80,53,5.76,BR,1603000509
920,Rikitea,-23.12,-134.97,296.97,78,100,9.03,PF,1603000432
921,Talnakh,69.49,88.4,268.15,85,86,7.0,RU,1603000546
